./onnx/cifar10_resnet110.onnx,./vnnlib/cifar10_test_0000_label_3_eps_0.031373.vnnlib,300
./onnx/cifar10_resnet110.onnx,./vnnlib/cifar10_test_0001_label_8_eps_0.031373.vnnlib,300
./onnx/cifar10_resnet110.onnx,./vnnlib/cifar10_test_0002_label_8_eps_0.031373.vnnlib,300
./onnx/cifar10_resnet110.onnx,./vnnlib/cifar10_test_0003_label_0_eps_0.031373.vnnlib,300
./onnx/cifar10_resnet110.onnx,./vnnlib/cifar10_test_0006_label_1_eps_0.031373.vnnlib,300
./onnx/cifar10_resnet110.onnx,./vnnlib/cifar10_test_0008_label_3_eps_0.031373.vnnlib,300
./onnx/cifar10_resnet110.onnx,./vnnlib/cifar10_test_0009_label_1_eps_0.031373.vnnlib,300
./onnx/cifar10_resnet110.onnx,./vnnlib/cifar10_test_0011_label_9_eps_0.031373.vnnlib,300
./onnx/cifar10_resnet110.onnx,./vnnlib/cifar10_test_0012_label_5_eps_0.031373.vnnlib,300
./onnx/cifar10_resnet110.onnx,./vnnlib/cifar10_test_0013_label_7_eps_0.031373.vnnlib,300
./onnx/cifar10_resnet110.onnx,./vnnlib/cifar10_test_0014_label_9_eps_0.031373.vnnlib,300
./onnx/cifar10_resnet110.onnx,./vnnlib/cifar10_test_0015_label_8_eps_0.031373.vnnlib,300
./onnx/cifar10_resnet110.onnx,./vnnlib/cifar10_test_0016_label_5_eps_0.031373.vnnlib,300
./onnx/cifar10_resnet110.onnx,./vnnlib/cifar10_test_0017_label_7_eps_0.031373.vnnlib,300
./onnx/cifar10_resnet110.onnx,./vnnlib/cifar10_test_0018_label_8_eps_0.031373.vnnlib,300
./onnx/cifar10_resnet110.onnx,./vnnlib/cifar10_test_0019_label_6_eps_0.031373.vnnlib,300
./onnx/cifar10_resnet110.onnx,./vnnlib/cifar10_test_0021_label_0_eps_0.031373.vnnlib,300
./onnx/cifar10_resnet110.onnx,./vnnlib/cifar10_test_0023_label_9_eps_0.031373.vnnlib,300
./onnx/cifar10_resnet110.onnx,./vnnlib/cifar10_test_0025_label_2_eps_0.031373.vnnlib,300
./onnx/cifar10_resnet110.onnx,./vnnlib/cifar10_test_0026_label_4_eps_0.031373.vnnlib,300
./onnx/cifar10_resnet110.onnx,./vnnlib/cifar10_test_0027_label_0_eps_0.031373.vnnlib,300
./onnx/cifar10_resnet110.onnx,./vnnlib/cifar10_test_0028_label_9_eps_0.031373.vnnlib,300
./onnx/cifar10_resnet110.onnx,./vnnlib/cifar10_test_0029_label_6_eps_0.031373.vnnlib,300
./onnx/cifar10_resnet110.onnx,./vnnlib/cifar10_test_0031_label_5_eps_0.031373.vnnlib,300
./onnx/cifar10_resnet110.onnx,./vnnlib/cifar10_test_0034_label_9_eps_0.031373.vnnlib,300
./onnx/cifar10_resnet110.onnx,./vnnlib/cifar10_test_0037_label_1_eps_0.031373.vnnlib,300
./onnx/cifar10_resnet110.onnx,./vnnlib/cifar10_test_0038_label_9_eps_0.031373.vnnlib,300
./onnx/cifar10_resnet110.onnx,./vnnlib/cifar10_test_0039_label_5_eps_0.031373.vnnlib,300
./onnx/cifar10_resnet110.onnx,./vnnlib/cifar10_test_0040_label_4_eps_0.031373.vnnlib,300
./onnx/cifar10_resnet110.onnx,./vnnlib/cifar10_test_0041_label_6_eps_0.031373.vnnlib,300
./onnx/cifar10_resnet110.onnx,./vnnlib/cifar10_test_0042_label_5_eps_0.031373.vnnlib,300
./onnx/cifar10_resnet110.onnx,./vnnlib/cifar10_test_0044_label_0_eps_0.031373.vnnlib,300
./onnx/cifar10_resnet110.onnx,./vnnlib/cifar10_test_0045_label_9_eps_0.031373.vnnlib,300
./onnx/cifar10_resnet110.onnx,./vnnlib/cifar10_test_0046_label_3_eps_0.031373.vnnlib,300
./onnx/cifar10_resnet110.onnx,./vnnlib/cifar10_test_0048_label_7_eps_0.031373.vnnlib,300
./onnx/cifar10_resnet110.onnx,./vnnlib/cifar10_test_0050_label_9_eps_0.031373.vnnlib,300
./onnx/cifar10_resnet110.onnx,./vnnlib/cifar10_test_0051_label_8_eps_0.031373.vnnlib,300
./onnx/cifar10_resnet110.onnx,./vnnlib/cifar10_test_0054_label_8_eps_0.031373.vnnlib,300
./onnx/cifar10_resnet110.onnx,./vnnlib/cifar10_test_0055_label_8_eps_0.031373.vnnlib,300
./onnx/cifar10_resnet110.onnx,./vnnlib/cifar10_test_0056_label_7_eps_0.031373.vnnlib,300
./onnx/cifar10_resnet110.onnx,./vnnlib/cifar10_test_0060_label_7_eps_0.031373.vnnlib,300
./onnx/cifar10_resnet110.onnx,./vnnlib/cifar10_test_0061_label_3_eps_0.031373.vnnlib,300
./onnx/cifar10_resnet110.onnx,./vnnlib/cifar10_test_0062_label_6_eps_0.031373.vnnlib,300
./onnx/cifar10_resnet110.onnx,./vnnlib/cifar10_test_0063_label_3_eps_0.031373.vnnlib,300
./onnx/cifar10_resnet110.onnx,./vnnlib/cifar10_test_0064_label_6_eps_0.031373.vnnlib,300
./onnx/cifar10_resnet110.onnx,./vnnlib/cifar10_test_0065_label_2_eps_0.031373.vnnlib,300
./onnx/cifar10_resnet110.onnx,./vnnlib/cifar10_test_0066_label_1_eps_0.031373.vnnlib,300
./onnx/cifar10_resnet110.onnx,./vnnlib/cifar10_test_0067_label_2_eps_0.031373.vnnlib,300
./onnx/cifar10_resnet110.onnx,./vnnlib/cifar10_test_0068_label_3_eps_0.031373.vnnlib,300
./onnx/cifar10_resnet110.onnx,./vnnlib/cifar10_test_0069_label_7_eps_0.031373.vnnlib,300
./onnx/cifar10_resnet110.onnx,./vnnlib/cifar10_test_0072_label_8_eps_0.031373.vnnlib,300
./onnx/cifar10_resnet110.onnx,./vnnlib/cifar10_test_0073_label_8_eps_0.031373.vnnlib,300
./onnx/cifar10_resnet110.onnx,./vnnlib/cifar10_test_0074_label_0_eps_0.031373.vnnlib,300
./onnx/cifar10_resnet110.onnx,./vnnlib/cifar10_test_0075_label_2_eps_0.031373.vnnlib,300
./onnx/cifar10_resnet110.onnx,./vnnlib/cifar10_test_0077_label_3_eps_0.031373.vnnlib,300
./onnx/cifar10_resnet110.onnx,./vnnlib/cifar10_test_0078_label_3_eps_0.031373.vnnlib,300
./onnx/cifar10_resnet110.onnx,./vnnlib/cifar10_test_0079_label_8_eps_0.031373.vnnlib,300
./onnx/cifar10_resnet110.onnx,./vnnlib/cifar10_test_0080_label_8_eps_0.031373.vnnlib,300
./onnx/cifar10_resnet110.onnx,./vnnlib/cifar10_test_0081_label_1_eps_0.031373.vnnlib,300
./onnx/cifar10_resnet110.onnx,./vnnlib/cifar10_test_0082_label_1_eps_0.031373.vnnlib,300
./onnx/cifar10_resnet110.onnx,./vnnlib/cifar10_test_0083_label_7_eps_0.031373.vnnlib,300
./onnx/cifar10_resnet110.onnx,./vnnlib/cifar10_test_0084_label_2_eps_0.031373.vnnlib,300
./onnx/cifar10_resnet110.onnx,./vnnlib/cifar10_test_0086_label_2_eps_0.031373.vnnlib,300
./onnx/cifar10_resnet110.onnx,./vnnlib/cifar10_test_0088_label_8_eps_0.031373.vnnlib,300
./onnx/cifar10_resnet110.onnx,./vnnlib/cifar10_test_0089_label_9_eps_0.031373.vnnlib,300
./onnx/cifar10_resnet110.onnx,./vnnlib/cifar10_test_0090_label_0_eps_0.031373.vnnlib,300
./onnx/cifar10_resnet110.onnx,./vnnlib/cifar10_test_0091_label_3_eps_0.031373.vnnlib,300
./onnx/cifar10_resnet110.onnx,./vnnlib/cifar10_test_0092_label_8_eps_0.031373.vnnlib,300
./onnx/cifar10_resnet110.onnx,./vnnlib/cifar10_test_0093_label_6_eps_0.031373.vnnlib,300
./onnx/cifar10_resnet110.onnx,./vnnlib/cifar10_test_0094_label_4_eps_0.031373.vnnlib,300
./onnx/cifar10_resnet110.onnx,./vnnlib/cifar10_test_0096_label_6_eps_0.031373.vnnlib,300
./onnx/cifar10_resnet110.onnx,./vnnlib/cifar10_test_0098_label_0_eps_0.031373.vnnlib,300
./onnx/cifar10_resnet110.onnx,./vnnlib/cifar10_test_0099_label_7_eps_0.031373.vnnlib,300
